,precision,recall,f1-score,support
backward,0.9245283018867925,0.8909090909090909,0.9074074074074074,165.0
bed,0.7956989247311828,0.714975845410628,0.7531806615776081,207.0
bird,0.9245283018867925,0.7945945945945946,0.8546511627906976,185.0
cat,0.8787878787878788,0.7474226804123711,0.807799442896936,194.0
dog,0.8858695652173914,0.740909090909091,0.806930693069307,220.0
down,0.896,0.8275862068965517,0.8604353393085787,406.0
eight,0.9221105527638191,0.8995098039215687,0.9106699751861043,408.0
five,0.9351620947630923,0.8426966292134831,0.8865248226950354,445.0
follow,0.7593984962406015,0.5872093023255814,0.6622950819672131,172.0
forward,0.7299270072992701,0.6451612903225806,0.684931506849315,155.0
four,0.8421052631578947,0.8,0.8205128205128205,400.0
go,0.7924050632911392,0.7786069651741293,0.7854454203262233,402.0
happy,0.9715909090909091,0.8423645320197044,0.9023746701846965,203.0
house,0.9447513812154696,0.8952879581151832,0.9193548387096774,191.0
learn,0.710691823899371,0.7018633540372671,0.70625,161.0
left,0.9043715846994536,0.8033980582524272,0.8508997429305912,412.0
marvin,0.9217877094972067,0.8461538461538461,0.8823529411764706,195.0
nine,0.9417989417989417,0.8725490196078431,0.905852417302799,408.0
no,0.8726790450928382,0.8123456790123457,0.8414322250639387,405.0
off,0.953757225433526,0.8208955223880597,0.8823529411764706,402.0
on,0.865,0.8737373737373737,0.8693467336683417,396.0
one,0.9166666666666666,0.8822055137844611,0.8991060025542784,399.0
right,0.8928571428571429,0.8838383838383839,0.8883248730964467,396.0
seven,0.9221411192214112,0.9334975369458128,0.9277845777233782,406.0
sheila,0.9502487562189055,0.9009433962264151,0.9249394673123487,212.0
six,0.9140811455847255,0.9720812182741116,0.942189421894219,394.0
stop,0.9013761467889908,0.9562043795620438,0.9279811097992916,411.0
three,0.8578088578088578,0.908641975308642,0.882494004796163,405.0
tree,0.8538011695906432,0.7564766839378239,0.8021978021978022,193.0
two,0.7091561938958707,0.9316037735849056,0.8053007135575942,424.0
up,0.7514018691588785,0.9458823529411765,0.8375,425.0
visual,0.7562189054726368,0.9212121212121213,0.8306010928961749,165.0
wow,0.7034220532319392,0.8980582524271845,0.7889125799573561,206.0
yes,0.775047258979206,0.9785202863961814,0.8649789029535865,419.0
zero,0.873589164785553,0.9258373205741627,0.8989547038327527,418.0
accuracy,0.8602453430258973,0.8602453430258973,0.8602453430258973,0.8602453430258973
macro avg,0.861450472029,0.8438051439550615,0.8492076027820464,11005.0
weighted avg,0.8663914104215108,0.8602453430258973,0.8600763008456027,11005.0
